<?xml version="1.0" encoding="UTF-8" standalone="yes"?>
<addon id="plugin.video.banditondemand" name="Bandit On Demand" version="1.0.1" provider-name="Bandit TV">
  <requires>
    <import addon="xbmc.python" version="2.1.0"/>
	<import addon="script.module.addon.common" />
	<import addon="script.module.metahandler" version="2.5.1"/>
	<import addon="script.module.requests" />
	<import addon="repository.mdrepo" />
  </requires>
  <extension point="xbmc.python.pluginsource" library="default.py">
        <provides>video</provides>
  </extension>
  <extension point="xbmc.addon.metadata">
    <summary lang="en">Stream Movies And TV Shows With Bandit On Demand</summary>
    <description lang="en">Stream Movies And TV Shows With Bandit On Demand </description>
	<disclaimer lang="en">The author does not host or distribute any of the content displayed by this addon or have any affiliation with the website owners</disclaimer>
    <platform>all</platform>
  </extension>
</addon>
