<?xml version="1.0" encoding="UTF-8" standalone="yes"?>
<addon id="plugin.video.banditfitness"
	name="Bandit Fitness"
	version="1.0.0"
	provider-name="Bandit TV">
  <requires>
    <import addon="xbmc.python" version="2.1.0"/>
    <import addon="script.module.addon.common" version="2.0.0"/>
    <import addon="plugin.video.youtube" version="5.0.0"/>
  </requires>
  <extension point="xbmc.python.pluginsource" library="default.py">
    <provides>video</provides>
  </extension>
  <extension point="xbmc.addon.metadata">
    <summary lang="en">Fitness Videos From YouTube</summary>
    <description lang="en">Bandit Fitness is brought to you by Bandit TV, and is part of a collection of addons. Bandit Fitness is a YouTube addon with channels and playlists for easy and free workout sessions</description>
    <platform>all</platform>
    <forum>n/a</forum>
    <website>n/a</website>
  </extension>
</addon>
